object,meaning,label
necklace,watch,0
notebook,bible,0
car,section,0
bell,profile,0
nail,word,0
bible,dictionary,0
eye,video,1
dog,mare,0
folder,notebook,0
person,courtyard,0
car,savage,0
hammer,penis,0
stroke,voice,1
ladder,aid,1
cat,team,0
weight,heritage,0
plant,twitter,0
baby,pink,1
salad,brain,1
rock,silicon,0
key,mode,1
stroke,sound,1
window,tv,1
hand,bible,1
picture,document,0
cotton,product,0
game,intercourse,1
sheet of paper,plane,1
sink,carpet,0
animal,herringbone,0
toy,blade,1
flashlight,reality,1
coin,market,1
gift,settlement,1
painting,embroidery,1
book,corpse,0
friend,uncle,0
book,existence,0
pipe,exhaust,1
song,world,1
hammer,bass,1
box,home,1
circle,path,0
sponge,silicon,0
bow,shaft,0
spider web,connection,1
bike,airplane,0
basketball,life,1
glass,structure,0
baby,mom,1
dog,chicken,0
bug,anger,1
bird,skier,1
cup,bottom,0
sandwich,kibble,0
egg,capsule,1
window,channel,1
candle,music,1
tea,life,1
painting,result,0
baby,vocabulary,0
tattoo,commitment,1
bird,collaboration,0
child,boyfriend,1
egg,bully,0
toy,koala,0
alarm clock,kitten,0
seed,poem,1
book,statue,1
song,speaking,1
oven,earth,1
baby,country,0
table,belief,0
floor,diaphragm,0
odor,friendship,1
dog,advice,0
container,module,0
balloon,stomach,1
sword,math,1
nail,life,1
ladder,guru,1
gift,world,1
candle,father,1
computer,cock,0
girlfriend,game,1
song,kingdom,0
marker,visit,0
music,laugh,1
window,movie,1
guitar,beginning,0
file,life,1
ball,universe,1
animal,kid,1
bunny,relationship,0
seed,ignorance,0
song,photograph,1
sponge,patient,1
muscle,determination,1
question,query,0
baby,event,0
bomb,pie,0
friend,sandal,0
card,application,0
soap,movie,1
picture,song,1
itch,spear,0
egg,sphere,1
baby,program,0
table,business,0
bomb,coil,0
machine,desire,1
glove,tool,0
car,fan,0
pebble,site,0
box,control,0
wall,net,1
rock,steak,0
flower,valentine,1
mirror,actor,1
object,orbit,0
machine,market,0
spider web,trauma,0
hat,religion,0
door,master,0
lightbulb,thing,0
game,school,0
box,concept,0
dial,risk,0
human,star,1
balloon,outside,0
vegetable,weed,0
cell phone,tablet,0
list,stream,0
hand,partnership,1
candle,illumination,1
game,anime,0
person,counsel,0
straw,wife,0
bill,map,0
cookie,money,1
child,chilly,0
hammer,slur,1
punch,bite,0
glove,tongue,0
wall,daughter,0
computer,plot,0
tattoo,face,0
girlfriend,weapon,0
water,craft,1
person,economy,0
lightbulb,response,1
steak,justice,0
container,mind,1
person,persona,0
bell,love,1
location,server,0
canvas,bottom,0
cat,price,0
baby,sugar,0
person,gun,0
window,kindle,0
rubberband,vagina,0
scent,ramadan,0
light,perception,0
child,dude,0
bubble,cyst,0
oven,place,1
person,addict,0
bird,head,0
book,contract,0
thread,psalm,0
snowflake,flower,1
paper,rhino,0
airplane,windshield,0
child,thread,0
punch,passing,0
file,brain,0
light,laser,1
sword,book,0
child,administration,0
train,father,0
game,nightmare,0
bubble,growth,1
song,dream,1
mirror,life,1
snowflake,bug,0
elevator,backstage,0
tattoo,scar,1
ticket,box,0
crystal,person,0
cat,gusty,0
ball,thought,0
dog,posture,0
stick,doctor,0
muscle,confidence,1
medicine,beauty,0
person,conversion,0
cup,nest,0
dog,public,0
son,friend,0
game,route,0
screw,motion,0
sheet,face,0
plant,jealousy,1
wall,god,0
map,family,0
pillow,item,0
car,force,0
game,language,0
piece of paper,review,0
apple,god,0
painting,rendition,0
rock,zen,1
person,kitten,0
eraser,love,1
pasta,tapioca,0
sport,death,0
table,crime,0
butterfly,enjoy,1
light bulb,bit,0
horn,god,0
lock,enzyme,0
snack,mouse,0
fish,time,1
son,dog,0
cup,vagina,0
shoe,bar,0
face,portfolio,1
liquid,islam,0
pillow,relief,0
salad,balance,0
smell,woman,0
tool,investment,1
sword,club,0
child,president,0
cap,tool,0
wind,time,1
machine,subconscious,1
building,justice,0
mirror,practitioner,1
bug,belief,0
sponge,sock,0
nose,penis,0
book,thread,0
bike,tricycle,0
frame,system,1
surprise,track,0
oven,trunk,1
football,trajectory,0
package,life,1
oven,sun,1
salad,event,0
noodle,neck,1
vegetable,dish,0
soap,thread,0
bubble,brain,1
dog,seagull,0
marker,indicator,0
radio,medium,0
pillow,insole,0
object,agent,0
person,shape,0
magazine,article,0
key,view,1
bow,posture,0
window,friendship,1
wall,room,0
orchestra,sky,0
flashlight,experience,0
dog,shady,0
key,smile,1
oven,grinder,0
screw,base,0
dog,presenter,0
feather,swift,0
tool,skill,1
chair,evolution,0
ball,eighth,0
art,taxidermy,0
leaf,voice,1
friend,bench,0
balloon,red,0
ladder,escalation,1
mouse,ball,0
shirt,honesty,0
length of rope,member,0
spiderweb,law,1
car,house,0
door,meditation,0
page,lifetime,1
son,hunter,0
game,choreography,0
string,avatar,0
breath,ministry,0
test,event,0
fishing pole,device,0
game,marketing,1
garden,gallery,1
train,noise,1
glove,enzyme,0
egg,sky,0
seashell,human,0
book,science,0
cookie,sex,1
mirror,senior,0
girlfriend,corvette,0
seed,soul,1
ball,creature,0
friend,guild,0
mirror,urine,0
child,hash,0
egg,independence,0
flower,village,1
car,memory,0
teddy bear,master,0
car,analogy,0
cat,rocky,0
bike,sentence,0
book,technique,0
sponge,pen,0
bomb,organization,0
flower,papa,0
glass,skin,1
punch,article,0
mirror,nation,0
exercise,thread,0
camera,love,1
flashlight,attention,1
bomb,aggression,0
fruit,apple,0
wire,feeling,0
phone,router,0
box,area,0
baby,movement,0
son,hardy,0
hammer,patent,0
banana,penis,0
foot,penis,0
sponge,rubber,1
train,demand,0
sand,world,1
rock,bladder,0
container,class,1
cup,sin,0
baby,splashing,0
sound,train,0
egg,oval,0
fish,west,0
picture,portrayal,1
thermostat,price,0
mirror,mentor,1
hand,death,0
wall,boyfriend,1
car,pool,0
sponge,team,1
sandwich,game,0
light switch,body,0
finger,zen,0
ball,game,0
board,stuff,0
lover,ferry,0
palm,leaf,0
menu,bible,0
orchestra,congruence,1
container,node,0
word,revelation,0
art,spirituality,1
pet,duck,0
friend,snow,0
page,scenery,0
friend,son,0
belt,sensation,0
exercise,posture,0
rock,disappointment,1
mirror,earth,0
stick,wand,0
song,format,0
flower,marriage,1
butterfly,cerebellum,0
game,stuff,0
photo,image,0
spice,essay,0
egg,grower,0
flag,regret,0
mirror,friend,1
choice,life,0
light switch,gospel,0
flower,blush,0
orchestra,piano,1
car,insurance,0
grape,life,1
basketball,foot,0
machine,home,0
cut,rave,0
cat,energy,0
person,toad,0
computer,friendship,0
desk,zone,0
stamp,monogram,0
marble,world,0
cotton,bamboo,0
car,prosthesis,0
apple,truth,0
ping pong ball,department,0
punching bag,water,0
car,information,0
hole,sun,1
train,fortune,1
icon,hotel,0
son,marine,0
human,alien,0
seed,buddhism,1
picture,countryside,1
bowl,part,0
pen,packaging,0
tube,wrap,0
baby,millennium,0
map,structure,0
lamp,voice,1
horse,perspective,0
human,pebble,0
top,utility,0
wind-up toy,world,1
dog,horse,0
ring,rim,1
stick,karate,0
marker,habit,0
map,outline,0
tool,building,0
machine,undertaker,0
punch,pain,0
fly,lag,0
painting,car,0
cat,house,0
toy,spade,1
circle,government,1
wall,light,0
gift,body,0
book,parent,0
feather,trunk,0
door,morning,1
car,enterprise,1
canvas,love,1
path,time,0
instrument,soul,1
ladder,gauge,0
sword,grief,1
mirror,center,0
thief,apology,0
child,response,0
dog,snake,0
radio,brain,1
car,sound,0
map,habit,0
tattoo,heathenism,0
laptop,tilt,0
circle,karma,0
frame,square,0
weed,islam,0
orchestra,organization,1
newspaper,life,1
oven,life,0
child,shot,0
cat,woman,1
light,bleeding,0
dog,dogma,0
book,article,0
game,good,0
lamp,painting,0
water faucet,love,1
picture,diagram,0
garden,smell,1
white board,brain,1
gate,presentation,0
muscle,bravery,0
son,solo,0
desk,mind,0
tea,drink,0
flower,sun,1
cat,vampire,0
leaf,woman,0
seed,cancer,1
keyboard,controller,0
cigarette,affair,0
mirror,pond,1
sword,spiritual,0
seed,prayer,0
bowl,road,0
fish,squire,0
oven,system,0
tool,image,0
laptop,sex,0
baby,faggot,0
chorus,effect,0
book,word,0
friend,client,0
weed,son,1
baby,moment,1
finger,spire,0
bar,refrigerator,0
cut,flash,0
wall,secret,0
nail,rivet,1
dog,corruption,0
lover,planet,0
math,electronic,0
mobile,girlfriend,0
child,passion,1
tattoo,danger,1
itch,boredom,0
light bulb,moment,1
pillow,snow,0
clock,metabolism,0
mirror,hang,0
cigarette,woman,1
soap,life,1
lover,imagination,0
key,title,0
elevator,router,0
thief,work,1
skin,leather,1
rubberband,bracelet,0
gift,town,0
machine,accounting,0
wire,body,0
mirror,artist,0
nose,vagina,0
stream,faith,0
stick,religion,0
child,film,0
window,powers,0
circle,situation,0
feather,evolution,0
box,car,0
paint,coffee,0
lake,desire,1
oven,barn,0
book,law,0
child,muse,0
button,nose,0
rock,plane,0
hand,foot,0
gift,packaging,0
bubble,field,0
wheel,plan,1
canvas,lawn,1
accordion,credit,0
stream,power,0
son,jaws,0
box,jaw,0
person,bundle,0
ladder,tree,0
computer,imagery,0
bed,table,0
fish,blaze,0
car,chariot,0
building,denial,0
flower,girlfriend,1
song,post,1
canvas,contest,0
sport,diet,0
orchestra,staff,0
pet,culture,0
rock,consciousness,1
hole,loneliness,1
child,hunger,0
weed,worry,0
weed,name,0
seed,knot,0
person,husband,0
animal,wink,0
coin,mediterranean,0
object,component,0
person,wisp,0
snowflake,thought,1
bird,glee,1
child,bank,0
circle,conversation,0
sponge,pitch,0
thread,friendship,1
car,code,0
snowflake,soul,1
chip,shard,0
table,team,0
pebble,victor,0
animal,daughter,0
person,dew,0
seed,advocate,0
rock,bread,0
orchestra,site,0
rock,compound,0
couch,boat,1
flower,star,1
salad,drink,0
container,model,0
mouth,door,1
purse,life,1
face,birthday,0
flashlight,intellect,0
alarm clock,worry,1
dish,anger,0
stick,jade,0
sponge,pancreas,0
band,faith,0
chicken,rooster,0
circle,forever,0
canvas,snow,0
lemon,love,1
lamp,gospel,1
blanket,ozone,0
table,sentence,0
manual,mist,0
train,fair,0
ribbon,fabric,0
person,universe,0
machine,kiss,0
cigarette,love,1
blanket,god,0
plant,talent,1
dog,fudge,0
salt,coffee,0
tube,larynx,1
button,stud,0
container,flesh,0
cat,body,0
ball,climate,0
face,hypocrite,0
child,data,0
person,client,0
book,landscape,0
ladder,mind,1
pipe,consciousness,1
bowl,hat,0
faucet,system,0
child,idealism,1
bubble,silver,0
screw,hub,0
bomb,strike,0
train,group,0
building,bible,0
punch,idea,0
car,symbol,0
light bulb,home,1
cloth,parachute,0
jack,woman,0
dumbbell,baby,0
rubber band,answer,0
building,novel,0
door,opportunity,1
answer,prophecy,0
rubber band,love,0
mirror,plasma,0
nail,center,0
person,poker,0
ant,emotion,0
bag,capsule,1
train,memory,1
computer,corporation,0
child,moon,1
child,country,0
mirror,girl,0
file,voice,0
potato,consistency,0
rubberband,anus,0
switch,thing,0
seed,self,1
question,name,0
ladder,psalm,0
switch,attraction,0
plant,musician,0
basketball,exit,0
lover,alcohol,1
rock,courage,1
book,reality,0
stick,sadness,1
key,aluminum,0
pipe,kid,0
word,image,0
building,monitor,0
clock,gyro,0
balloon,heart,0
tape,superego,0
bag,hair,0
skin,face,0
spider web,fetish,1
seed,transmission,0
stream,record,0
map,script,0
pet,girl,0
cabinet,commission,0
answer,moment,0
car,sport,0
grasshopper,earth,0
letter,shot,0
gem,word,0
ingredient,gluten,0
muscle,iris,0
person,bible,0
nose,conscience,0
baby,phone,0
book,situation,0
bomb,boom,1
friend,grub,0
alarm clock,mom,1
instrument,language,1
pillow,placenta,0
apple,form,0
seed,desire,1
cat,capture,0
egg,heart,0
candle,breath,0
person,amp,0
spider web,place,0
putty,eraser,0
pillow,family,0
baby,dough,0
nail,artist,0
book,portal,0
sword,truth,1
bug,anxiety,0
candle,article,1
hammer,slapper,0
gate,shutter,1
window,iris,0
circle,cycle,1
egg,part,0
art,language,1
ring,shape,0
fist,sight,0
wall,border,0
surprise,link,0
bed,writing,0
train,face,0
lock,childhood,0
punch,brevity,0
pool,grid,0
blanket,numbness,0
page,puzzle,0
ball,dog,0
picture,fixation,0
person,cup,0
lake,bottom,0
fist,heat,0
rock,depression,1
bottle,island,0
game,prediction,0
light,tv,0
light,word,1
garlic,shallot,0
stream,grief,0
wire,mind,0
wind,guy,0
curtain,robe,0
human,bible,0
gift,diabetes,0
circle,force,0
fish,voice,0
window,shot,0
balloon,libido,0
muscle,leadership,1
banana,moon,1
alarm clock,theme,0
pen,cage,0
sword,valor,1
seashell,body,0
table,view,0
voice,child,0
baby,husband,0
person,slab,0
wind,soul,1
balloon,mind,0
lock,despair,1
sponge,cotton,1
book,japan,0
pipe,port,0
marble,sound,1
small animal,baby,1
bottle,container,0
balloon,bulge,0
muscle,meditation,0
friend,support,1
orchestra,result,0
box,form,0
spiderweb,time,1
rubber band,focus,0
screen,retina,0
rock,table,0
music,mad,0
child,year,0
tattoo,name,0
exercise,prayer,0
ladder,stairway,0
gift,release,0
towel,wing,0
bird,believer,1
timer,reproduction,0
gift,link,0
blanket,covering,0
baby,north,0
child,definition,0
balloon,ship,0
window,bible,1
map,photo,0
string,principle,0
rubber band,thing,0
credit card,loan,0
lover,venus,0
candle,scholar,0
airplane,jeep,0
wheel,shape,0
muscle,luck,1
phone,interface,0
person,heaven,0
wheel,heel,0
painting,code,0
fist,call,0
punch,touch,0
bird,intuition,0
car,suspension,0
spider web,energy,1
wire,bulb,0
rubik's cube,game,0
machine,bike,0
alarm clock,game,0
balloon,spirit,1
child,dad,0
fly,electricity,0
book,trip,0
friend,mantra,0
frisbee,love,0
wheel,lodge,0
wall,music,1
person,firearm,0
food,sex,1
soft drink,religion,0
frame,device,0
car,company,0
surprise,time,0
dog,face,0
tv,hardware,0
rock,measure,0
nose,love,0
fish,chin,0
fish,commander,0
window,smile,1
face,landscape,0
orange,melanoma,0
pen,pronunciation,0
car,reader,0
bolt,answer,0
coin,style,0
dog,patriot,1
wheel,binder,0
punch,tartness,0
elevator,life,1
car,skepticism,0
tattoo,brand,1
tool,drug,0
dog,hutch,0
horse,history,0
flower,grandma,0
straw,well,0
car,brain,0
call,mantra,0
mirror,video,0
punch,blow,0
bible,site,0
thing,bankruptcy,0
garden,mind,1
apple,love,1
person,building,0
curtain,thing,0
flower,tradition,0
girlfriend,car,1
muscle,personality,1
box,layer,0
stream,wealth,1
wall,grief,1
cookie,content,0
lock,dispose,0
flower,girl,1
sponge,dude,0
baby,venture,0
notebook,application,0
rubber band,reality,1
window,cinema,1
bed,hair,0
ladder,knowledge,1
child,china,0
ring,father,0
circle,knowledge,0
lightbulb,moon,1
frisbee,life,1
page,result,0
board,existence,0
child,province,0
friend,savannah,1
person,loneliness,0
baby,leader,0
game,squash,0
wall,play,0
hair,life,0
thing,family,0
punch,heat,0
image,style,0
train,album,0
sponge,mid,0
mosquito,mind,0
blanket,humidity,0
dish,diaphragm,0
friend,pope,0
cord,spine,0
circle,shape,0
bible,nursing,0
channel,priest,0
girlfriend,pistol,0
whiteboard,space,1
light,smile,1
map,spread,0
curtain,prosperity,1
hand,push,1
friend,horse,0
balloon,universe,1
wall,window,0
circle,bracelet,0
light bulb,discussion,1
dart,tongue,0
tool,liberty,1
picture,sampler,0
weed,truth,0
painting,cosmetics,0
salad,dish,0
container,brain,1
oven,bunker,0
package,quantum,0
finger,analogy,1
paper,love,1
key,cannabis,0
cover,topper,0
seed,passing,0
object,universe,0
strap,leash,0
ball,economy,0
train,ride,0
key,cross,0
book,manual,0
butterfly,lion,0
nail,challenge,0
shelf,backside,0
lamp,education,1
dog,ministry,1
fiber,hemp,0
window,aluminum,0
flower,poetry,0
son,stallion,0
machine,stomach,0
chip,tail,0
ear,literature,0
alarm clock,myth,0
car,economy,0
guitar,mandolin,0
seed,secret,1
car,friend,0
toy,jeep,1
wallet,camera,0
pocket,shape,0
human,animal,0
nose,opinion,0
snowflake,dump,0
garden,conversation,0
pet,pixie,1
garden,college,1
size,dress,0
gift,appearance,0
iphone,girlfriend,0
guitar,lyre,0
light switch,oxygen,0
test,sat,0
person,perception,0
plant,country,0
person,rest,0
light switch,relationship,1
frame,software,0
powder,texture,0
mirror,jewelry,0
game,music,0
bolt,god,0
arm,boom,0
hole,game,0
couch,backseat,0
seed,holiness,0
spider web,trust,1
tag,religion,0
garden,book,1
hat,orbit,0
weed,flower,0
weight,truth,0
flower,song,1
sport,hockey,0
paper,child,1
lightbulb,advice,1
crystal,tragedy,0
scale,logic,0
song,software,0
cookie,baby,0
machine,guy,0
stick,ship,0
cardboard,chicken,0
son,mouse,0
ring,wave,0
dvd,life,0
machine,song,0
crystal,word,0
ice,life,0
baby,cub,0
hat,business,0
car,home,0
broom,oar,0
pencil,journey,1
breath,passing,0
butterfly,kiss,1
question,function,0
steak,seal,0
foot,crepe,0
car,instrument,0
key,codeine,0
gift,compost,0
bubble,truth,1
tube,life,1
bomb,energy,1
cat,seal,0
lake,oblivion,0
cover,veil,0
rope,jealousy,1
car,cavalry,0
egg,seed,0
person,stock,0
pencil,time,1
dart,yoke,0
machine,islam,0
frisbee,money,0
word,free,0
horse,heart,0
person,jewelry,0
food,music,1
shape,screen,0
clock,cycle,1
feather,sensation,0
fish,grandpa,0
picture,brand,0
handkerchief,dimension,0
canvas,nature,1
mirror,basin,0
train,prayer,0
seed,process,0
bubble,dream,1
art,scale,1
fly,alien,0
eye,circle,0
thing,nothing,0
clothing,eyeglass,0
weed,tree,0
book,castle,0
weight,heat,0
friend,restaurant,0
dog,mankind,0
wind,music,1
lamp,encouragement,1
dog,fiction,0
pad,room,0
muscle,anus,0
pencil,body,0
drink,love,1
animal,hacker,0
friend,nice,0
son,scout,0
face,reception,0
cat,boy,0
fly,destiny,0
head,body,0
decoration,trunk,0
punch,trailer,0
pen,focus,0
thread,image,0
child,warlock,0
candle,wax,0
item,insurance,0
bubble,community,0
microwave,flip,0
song,verse,1
animal,master,0
light bulb,globe,0
necklace,collar,0
teacup,person,0
list,cache,0
child,hubby,0
finger,high,0
apple,marriage,0
folder,project,0
bar,city,0
exercise,process,0
scent,morality,1
flag,design,0
book,person,0
broom,wind,1
dog,hunter,0
chorus,love,1
radio,mind,0
dog,law,0
mirror,waterway,0
light,vision,1
hole,raindrop,0
car,wisdom,0
fish,love,0
friend,suffering,0
rock,paint,0
canvas,water,1
piano,accordion,0
thing,stereotyping,0
fish,girl,0
sponge,padding,0
art,marriage,1
ladder,quote,0
muscle,concentration,1
stamp,dialogue,0
bowl,gravity,0
mosquito,guy,0
fish,dragon,0
garden,teaching,0
sleep,marriage,1
lake,freeway,0
sponge,skin,0
game,dancing,0
thread,song,0
person,application,0
butterfly,death,1
thing,soul,0
handkerchief,money,0
wheel,time,1
plant,hospitality,0
machine,church,0
coin,change,0
baby,product,0
ball,humanity,0
shutter,flapper,0
rock,tower,0
jar,body,0
pipe,stream,0
friend,staff,0
cat,cowboy,0
photo,story,0
door,trail,0
plate,mold,0
egg,youth,0
rubberband,love,0
muscle,telepathy,0
ball,second,0
medicine,meditation,1
bird,crouch,0
muscle,membrane,0
coin,truth,0
foot,hair,0
cat,squirrel,0
cord,chord,0
cup,half,0
snowflake,loaf,0
melon,earth,0
lid,oil,0
page,testing,0
rock,curly,0
mirror,poppy,0
rock,silence,1
blanket,quiet,0
baseball,stone,0
rock,leg,0
dog,japan,0
page,perspective,0
window,embryo,0
door,painting,0
blanket,stench,0
pebble,consciousness,0
straw,draw,0
gift,worship,1
picture,time,1
baby,breath,0
egg,brain,0
gem,song,0
fist,hand,0
water,voltage,0
child,fight,0
machine,season,0
touch pad,touch,0
friend,matchless,0
cat,mom,0
friend,vehicle,1
sponge,love,1
son,home,0
hand,book,0
human,game,0
gem,ruby,0
shelf,top,0
person,review,0
fist,collar,0
folder,collection,1
safety,reputation,0
cord,history,1
lake,mediterranean,0
sheet,dye,0
letter,dream,1
machine,painting,0
horn,voice,0
tool,death,0
song,calendar,0
egg,typography,0
thread,part,0
plant,peace,1
butterfly,change,1
butterfly,sample,0
window,obedience,0
plant,fetus,1
orange,love,1
window,script,0
game,fame,0
cat,sea,0
alarm clock,bark,1
sword,faith,0
bubble,china,0
ornament,language,0
rock,fork,0
window,frame,1
cup,variable,0
sword,gospel,0
test,fire,0
wall,tension,0
salad,collaboration,0
faucet,cock,0
wheel,pressure,1
swing,politics,0
hole,pass,0
cookie dough,hair,0
baby,computer,0
picture,village,1
radio,hearing,0
lock,person,0
person,eye,0
game,baking,1
dog,jazz,0
pet,training,0
spice,calligraphy,0
song,life,1
noodle,fork,0
sponge,pasta,0
page,closet,0
cat,empire,0
ticket,print,0
friend,trend,0
computer,heart,0
balloon,lobe,0
sheet of paper,floor,1
game,method,0
seed,horoscope,0
cup,second,0
rubber band,part,0
melon,song,1
fur,hair,0
bow,arch,0
sponge,veneer,0
wind,brown,0
coin,relationship,1
rock,boy,0
hand,faith,1
mirror,matrix,1
friend,design,0
rock,extremism,1
picture,chorus,0
icon,man,0
car,universe,0
friend,chair,0
seed,astrology,0
fridge,apartment,0
game,censorship,1
piano,music,1
bomb,ego,1
rope,coil,0
window,photograph,0
garden,hair,0
mirror,house,0
wheel,outside,1
tool,land,0
tattoo,label,0
book,thing,0
butterfly,gash,0
canvas,face,0
light bulb,technology,1
bomb,sneeze,0
mirror,videotape,1
flag,hair,0
cat,pamphlet,0
circle,muscle,1
swing,worry,1
flashlight,life,1
rock,tree,0
dog,father,0
toy,bike,0
map,dish,0
block,thing,0
muscle,passion,1
sponge,plywood,0
trash,tag,0
skin,coat,0
egg,business,0
person,car,0
dinner plate,avalanche,0
rock,abuse,1
painting,sunset,0
foot,hubby,0
paddle,hand,0
friend,calculator,0
sponge,gluten,0
lamp,pen,0
lightbulb,thought,1
thing,tan,0
car,question,1
light switch,anger,1
rope,design,0
container,body,0
instrument,faith,1
bell,experience,1
frame,television,0
text,culture,1
gift,light,1
painting,autumn,0
game,death,0
ballon,belly,0
tennis court,surface,0
alarm clock,book,0
garden,java,0
train,planet,0
flower,confirmation,1
punch,wine,0
straw,history,1
animal,day,0
gift,winter,0
mirror,termination,1
coat,layer,0
icon,castle,0
wheel,bible,1
computer,brain,1
song,symbol,1
penny,apostle,0
page,resort,0
book,live,1
broom,life,1
fish,reaction,1
seed,acceptance,0
bird,time,1
candle,story,1
sandwich,practice,0
rock,hand,0
child,snake,0
stick,name,0
bunny,society,1
sheet,hair,0
bubble,consciousness,1
orange,shape,0
baby,voice,0
garden,humanity,1
child,decor,0
mirror,program,0
stream,president,0
book,recording,0
egg,moment,1
car,medicare,0
friend,hat,0
candy,house,0
computer,industry,1
light,material,1
rock,stand,1
mirror,teacher,1
airplane,interior,1
map,catalogue,0
sport,lacrosse,0
book,binder,1
tool,drink,0
canvas,sweater,0
pencil,mind,1
balloon,stream,0
knob,music,0
spider web,bridge,1
container,memory,1
test,album,1
rubber band,project,0
bird,rifle,0
bed,housing,0
ladder,leadership,1
liquid,script,0
finger,article,0
muscle,recruitment,1
person,town,0
scenery,cape,0
bed,uterus,0
container,zip,0
cell phone,wince,0
seed,charity,1
feather,dress,0
hand,machine,0
switch,throttle,0
magazine,book,0
car,gear,1
orchestra,movie,0
balloon,chest,0
cookie,god,1
dish,face,0
container,format,0
animal,fire,1
case,matter,0
rear view mirror,show,0
rock,case,0
thermostat,conscience,1
pet,lion,0
key,chromium,0
camera,body,0
organ,sadness,1
weight,head,0
sheet,snow,0
game,novel,1
airplane,feeling,1
name,address,1
child,politics,0
box,room,0
word,church,0
joint,life,1
wheel,trading,0
box,stage,0
stick,sister,0
elevator,cabin,0
perfume,excitement,1
container,assistant,0
walkie-talkie,channel,0
teddy bear,norm,0
bible,video,0
folder,file,0
shoe,car,0
gift,education,1
blanket,encouragement,1
mirror,ice,0
child,park,0
cap,thief,0
gift,toy,0
child,daisy,0
wheel,help,0
face,vagina,0
bed,pension,0
mosquito,babbling,0
flower,humility,1
painting,composition,1
weight,relief,0
cupboard,oven,0
bed,property,0
camera,scope,0
airplane,compartment,0
map,movie,0
phone call,love,1
hole,market,0
thing,album,0
book,dictionary,0
candle,friendship,1
plant,child,0
fist,realization,1
blanket,ceiling,0
spider web,thread,1
garden,point,0
radio,childhood,1
child,actor,0
ornament,temple,0
animal,river,0
dog,weed,0
dog,derby,0
curtain,darkness,1
medicine,touch,0
band,worry,1
friend,nation,1
dog,swagger,0
car,ride,1
bubble,fortune,1
child,aura,1
orchestra,nature,1
console,steam,1
light,magazine,0
fist,love,1
lake,consciousness,1
rubber band,guy,0
path,habit,1
person,condition,0
curtain,learning,1
human,snowflake,1
train,essay,0
hand,domain,0
sword,reply,0
horse,mouth,0
sword,man,0
window,event,0
sand,love,1
picture,tattoo,0
bird,turtle,0
mosquito,patience,1
bomb,potato,0
sword,cross,0
gift,series,0
girlfriend,bible,1
dog,wind,1
list,array,0
toy,voice,0
frame,hair,0
key,finger,0
game,step,0
vegetable,father,0
hammer,message,1
bomb,fear,0
building,democracy,1
building,scholarship,0
drink,beer,0
hand,team,0
frame,organization,0
keyboard,brain,1
light,science,1
book,technology,1
rock,hearth,0
muscle,anger,1
dog,goat,0
screen,piece,0
smoke,powder,0
picture,god,1
duster,garment,0
art,gardening,0
thief,jazz,0
button,design,1
shoe,video,0
machine,hush,1
cat,mouse,0
sport,gaming,1
liquid,power,1
dog,diesel,0
key,hip,0
rubber band,texture,1
environment,islam,0
hammer,rivalry,1
friend,server,1
circle,beginning,1
child,skipper,0
dog,tone,0
lover,silence,1
song,solo,1
piece of paper,earth,0
painting,kit,1
itch,technology,1
friend,beach,0
map,booklet,0
machine,kid,0
sponge,plastic,0
weight,impotency,0
curtain,veil,1
iphone,soft,0
clock,love,1
surface,diagram,1
mirror,casing,0
fly,photographer,0
car,camera,0
cigarette,blackberry,0
picture,waterfall,0
vending machine,gripper,0
pillow,midnight,0
sword,teaching,1
map,love,1
mirror,identity,1
gas,market,1
itch,addiction,1
fish,dash,1
child,house,0
circle,area,0
rope,simulation,1
piece of paper,file,0
band,caffeine,0
thing,pain,1
stamp,teacher,0
scale,test,0
pillow,cushion,0
frame,song,0
muscle,wellness,1
dog,show,0
dog,devil,0
nose,cervix,0
rock,serum,0
flower,city,1
friend,poem,1
blanket,sea,1
machine,corvette,0
car,power,1
switch,pedal,0
cat,lion,0
shade,lord,0
box,pattern,1
dog,fear,1
flower,asylum,1
ladder,hierarchy,1
fist,mistrust,0
painting,ivy,0
map,sketch,0
word,universe,0
small animal,colony,1
map,site,0
key,nutrient,0
key,praise,0
bomb,comment,0
mirror,idea,1
book,dump,0
thermostat,body,0
light,walk,0
book,guy,0
horse,face,0
flower,change,1
blackboard,skin,0
pant,love,1
light switch,faith,1
sponge,phosphorus,0
curtain,exhaustion,1
stick,father,0
bubble,car,0
water,taste,0
building,terrorism,0
friend,sex,0
hole,pupil,0
notebook,life,1
box,relation,1
cat,sound,1
nut,head,0
coin,fate,1
lever,prayer,0
organ,cinema,0
muscle,tail,0
fish,job,0
photo,face,0
fly,jack,0
feather,soul,1
switch,engagement,1
window,glass,0
elevator,climb,0
plant,yachting,0
lock,chip,0
seed,heart,1
shirt,life,1
nail,gospel,0
rock,buddy,0
book,hardware,0
crystal,living,0
note,page,0
person,magazine,0
painting,part,0
snowflake,hotel,0
seed,article,0
marker,packaging,0
pancake,world,0
dog,husband,0
jack,mast,0
sport,magic,0
candle,mantra,0
paint,breath,0
name,banner,0
stamp,company,0
cough,laugh,0
glove,follicle,0
song,sonata,0
radio,jaw,0
bug,corruption,1
key,material,0
nut,seed,0
label,photograph,0
pet,child,0
penny,guy,0
marble,word,0
muscle,relaxation,1
box,ark,1
dog,perfection,0
stream,clarification,1
folder,key,0
child,city,0
mirror,cornea,0
pipe,faith,1
camera,manager,1
toy,window,0
lover,poetry,1
bible,atlas,0
butter,sound,0
football,stomach,0
punch,season,0
plug,tampon,0
fish,peter,0
bomb,magazine,0
shape,form,0
person,store,0
mouse,article,0
gift,article,0
bubble,life,1
book,mind,1
baby,monkey,0
pear,love,1
hole,hunger,0
perfume,success,1
thing,porn,0
gift,cancellation,0
debate,politics,1
game,audience,0
apple,peach,0
candle,passing,0
cup,plastic,0
baby,marriage,0
machine,son,0
light,swag,0
wallet,guitar,0
ladder,hope,1
plant,plan,0
glass door,love,1
sword,spirit,1
horse,park,0
ant,littleness,1
punch,outfit,0
animal,room,0
clay,face,0
bird,baby,0
human,business,1
snowflake,organization,1
gift,invitation,1
horse,laugh,0
dog,black,0
finger,bible,1
itch,regret,1
nut,wheel,0
flower,relation,1
fly,theory,0
paper,red,0
dog,lover,0
sponge,land,0
book,forum,0
coin,universe,0
friend,bar,0
son,jack,0
bird,photography,0
sponge,board,0
friend,mother,0
feather,gossip,1
sheet,vial,0
acquaintance,fellowship,1
building,pod,0
baby,brand,0
answer,engine,0
bomb,knight,0
seed,gratitude,1
hand,shape,0
switch,contractor,0
answer,jazz,0
muscle,style,0
dog,result,0
environment,context,0
balloon,situation,0
cellphone,love,1
key,principle,0
bible,prophet,0
book,pin,0
building,education,0
pipe,disobedience,0
iphone,universe,0
mouth,tomb,0
car,girl,0
switch,tongue,0
light switch,bike,0
balloon,leg,0
rock,stud,0
credit card,contract,1
bolt,rivet,0
mirror,globe,0
light bulb,aura,1
curtain,shape,0
car,front,0
screw,joint,0
sponge,computer,0
piece of paper,magnifier,0
lightbulb,fucker,0
garden,thinking,0
car,traffic,0
screen,mind,0
spice,profanity,0
baby,position,0
skin,container,0
egg,attitude,0
voice,death,0
light,humility,1
weed,acidity,0
window,gate,0
hole,song,0
word,perfect,0
garden,market,0
block,beach,0
door,shutter,0
dog,job,0
ball,bible,0
medicine,happiness,1
window,area,0
friend,exercise,0
hat,design,0
car,trinity,0
ladder,shape,0
pebble,truth,1
feather,hope,1
coin,prophecy,1
page,memory,1
ceiling,limiter,1
child,gym,0
bird,twitter,0
bird,shirt,0
car,subconscious,1
piece of paper,phone,0
keyboard,toy,0
gift,sacrifice,1
cat,anxiety,1
pet,teen,1
egg,womb,0
sponge,brickwork,0
person,life,0
picture frame,lid,0
bottle,bible,1
tea,woman,0
money,august,0
key,meditation,1
radio,head,0
toy,car,0
gift,rosemary,0
light,thanksgiving,0
fish,teacher,0
lego,life,0
wheel,heart,0
thing,debt,0
stream,garden,0
toy,kit,0
punch,photo,0
sweet,love,0
address,gravity,1
chalkboard,life,1
flask,mind,1
map,calendar,0
lever,strut,0
flower,leaf,0
baby,plasma,0
rock,pecker,0
food,hardship,0
animal,criminal,0
hole,nose,0
sponge,grout,0
lake,bank,0
exercise,laughter,0
zipper,stitch,0
leaf,chair,0
candle,lamp,0
car,dishwasher,0
friend,copy,0
piano,thing,0
itch,poverty,1
art,life,1
crystal,cruelty,0
muscle,recovery,1
mirror,model,0
dog,hobo,0
garden,virginity,0
cap,style,0
hand,pattern,0
key,friend,0
jacket,crown,0
blanket,cold,1
elastic band,bladder,0
object,night,0
garden,country,0
book,coupon,0
window,algorithm,0
feather,heart,0
friend,magazine,0
coin,corruption,1
train,caravan,0
tube,body,0
cut,haircut,0
powder,gray,0
wood,forest,0
bathtub,space,1
light,friendship,1
wall,brain,1
window,t-shirt,0
magic show,politics,1
pet,islam,0
feather,stick,0
gift,second,0
airplane,corporation,0
garden,blood,0
potato,brain,1
ladder,man,0
rubber band,credit,1
flashlight,god,1
air,friendship,1
head,sound,0
plant,piety,0
picture,bible,0
punch,impact,1
page,truth,0
ticket,balcony,0
taco,mixture,1
seed,ace,1
table,memory,1
piece of paper,universe,1
curtain,air,1
sleep,coma,0
camera,pupil,0
car,view,0
snack,game,0
door,philosophy,1
train,metro,0
light,hope,1
butterfly,writing,0
frame,tissue,0
mouse,life,1
fridge,school,1
candle,effect,1
seed,phase,1
thief,end,1
flashlight,goal,1
bell,aroma,1
ornament,beauty,1
mirror,relationship,1
son,artistry,1
ball,cancer,0
tattoo,surgery,0
window,sky,0
wall,lie,0
fly,question,0
book,response,0
bubble,love,1
lock,wire,0
cat,singer,0
canvas,fabric,0
key,work,0
baby,pet,0
song,relationship,1
string,song,0
glass,cup,0
subject,laser,0
tape,memory,1
hammer,math,0
apple,day,0
folder,home,0
dog,dad,0
environment,mode,0
light,center,1
egg,foundation,1
human,horse,1
sponge,laminate,0
friend,vet,0
fish,tuna,0
coin,history,1
person,training,0
bar,atmosphere,0
hose,penis,0
golf ball,mind,0
air,nuclear,0
elastic band,tape,0
tattoo,forever,1
birthday candle,heart,1
letter,drawing,0
friend,buck,0
bike,programming,1
gift,inheritance,0
sword,heather,0
lid,ice,0
child,nation,1
song,nature,1
breath,post,0
bowl,box,0
thread,service,0
thread,glass,0
pool,reality,0
book,song,1
pet,store,0
gift,frustration,0
instrument,piano,0
electrical cord,prayer,0
child,dachshund,0
candle,character,0
curtain,foliage,0
painting,video,0
cover,enclosure,1
person,poetry,0
rock,girl,0
bubble,hair,0
car,conversation,0
bird,forgetfulness,0
son,snowball,0
arm,tango,0
rock,viper,0
glass,friendship,1
breath,energy,1
person,culture,1
noodle,quad,0
flashlight,ego,1
ring,corridor,0
cut,tattoo,0
mirror,work,0
swing,time,1
muscle,uterus,0
dog,capitalism,0
light,building,0
blanket,lodger,0
stick,respect,0
glass,attraction,0
pencil,repentance,0
muscle,cord,0
faucet,rain,0
seed,grace,0
organ,guitar,0
blanket,sun,0
painting,mind,0
ipad,countryman,0
spider web,law,1
tool,corporation,1
door,motivation,1
horse,lab,0
name,misty,0
dog,patriotism,1
cell phone,salt,0
rock,gas,0
call,stuff,0
balloon,patriarchy,0
sponge,core,0
wall,sense,0
son,dude,0
child,bartender,0
seed,opinion,1
sport,boxing,0
door,iris,0
finger,strand,0
friend,coast,1
small dog,arrogance,1
light,man,0
bottle,battery,1
tool,twitter,0
bomb,pain,1
child,cat,0
child,spirit,1
dog,rabbit,0
hat,role,0
muscle,ear,0
pencil,abdomen,0
animal,character,0
tennis match,game,0
gate,picture,0
coin,forgiveness,1
finger,voice,0
door,lord,0
ball,happiness,0
tennis match,head,0
flower,mom,0
paint,photo,0
window,performance,1
chip,tuner,0
nail,day,0
magic show,christianity,0
thread,life,1
arm,strut,0
balloon,band,0
salad,smell,0
horse,passion,1
ticket,licence,1
tv,computer,0
butterfly,satchel,0
space,gap,0
rag,lap,0
rubik's cube,reshuffle,0
letter,message,0
building,personality,1
person,cockroach,0
garden,salad,0
ladder,civilization,1
thief,return,0
ice-cream,woman,0
menu,contents,0
mirror,fort,0
weight,inductor,0
butterfly,hand,0
sword,sound,1
key,guru,1
tool,knowledge,1
gift,story,0
letter,duvet,0
shirt,grade,0
map,process,0
muscle,success,1
cup,faith,1
sponge,kitten,0
sandwich,structure,0
orchestra,life,1
bar,seating,0
bar,brain,0
painting,calling,0
mirror,career,1
bowl,time,1
string,buffer,0
page,pattern,1
nail,stuff,0
garden,village,0
circle,marriage,1
sandwich,windshield,1
head,boxer,0
fruit,infatuation,0
book,river,0
salad,vagina,0
alarm clock,compost,0
flashlight,focus,1
microwave,love,1
lemon,part,0
egg,psychoanalysis,0
orange,smell,0
circle,aim,0
garden,collection,0
animal,jack,0
cat,maxim,0
mouth,place,0
hand,attack,0
fist,mind,0
gem,blue,0
curtain,door,0
garden,mouth,0
animal,wind,0
rock,allegory,0
cigarette,baby,0
horse,father,0
dvd,video,0
couch,booth,0
plant,song,0
sponge,cedar,1
fruit,life,1
orchestra,family,1
seed,compassion,1
candy,cocoon,0
cut,figure,0
snowflake,war,1
airplane,simulator,0
animal,bike,0
flower,passion,0
channel,wedge,0
friend,gun,0
lover,book,0
question,form,0
punch,response,0
letter,spirit,1
ball,bladder,0
couch,bike,0
container,bible,0
flower,fragrance,0
punch,shock,0
wheel,fate,0
lamp,truth,1
pocket,capsule,0
rock,structure,0
animal,demon,0
clock,heart,0
window,section,0
band,profile,0
animal,nigger,0
door,cervix,0
thief,guy,0
weed,anxiety,0
train,violence,0
test,cancer,0
sword,utterance,0
space,sinus,0
stroke,rep,0
thief,addiction,0
cat,female,0
tool,wealth,0
paintbrush,pen,0
stove,constitution,0
thread,society,1
mouth,communism,0
penny,galaxy,0
page,day,0
blanket,cape,0
dog,shadow,0
game,fashion,0
window,state,0
horse,rim,0
building,soul,0
baby,rabbit,0
balloon,diaphragm,0
box,block,0
fruit,happiness,1
seed,smile,0
snack,poop,0
flower,babe,0
weight,sin,0
camera,eyeball,0
bomb,man,0
letter,oxygen,0
cookie,session,0
person,marriage,0
person,idea,0
gift,ass,0
cupboard,battery,0
hamburger,head,0
gem,name,0
bird,club,0
song,episode,0
crystal,diary,0
light,mom,0
voice,answer,0
chair,relationship,0
friend,bike,0
map,leap,0
string,obedience,0
rope,breath,0
son,carnival,0
clock,zodiac,0
game,dance,0
letter,picture,0
word,understanding,0
window,eardrum,0
shelf,dock,0
wheel,reincarnation,0
book,scroll,0
window,car,0
flower,planet,0
foot,root,0
light,thread,0
condiment,photography,0
crystal,thing,0
painting,braid,0
smoke,area,0
string,crystal,0
face,surface,0
bird,elephant,0
key,kit,0
car,student,0
flashlight,cursor,0
mirror,pain,0
friend,hump,0
muscle,muse,0
map,hand,0
person,democracy,0
rock,apple,0
book,category,0
alarm clock,flowering,0
game,halo,0
muscle,photography,0
sword,gambling,0
head,cartoon,0
sponge,white,0
cut,life,0
nail,cycle,0
map,tongue,0
ball,brain,0
oil,liquid,0
sponge,fat,0
sponge,emulsion,0
ingredient,critique,0
faucet,mouth,0
guitar,baritone,0
mirror,heart,0
icon,floppy,0
snowflake,smile,1
thread,cycle,0
bubble,eye,0
laptop,board,0
game,sat,0
light switch,pain,0
dog,karma,0
balloon,expectancy,0
fish,conductor,0
piano,beer,0
punch,entry,0
bow,manliness,1
task,bridge,1
mouth,sphincter,0
gem,moment,0
balloon,tongue,0
child,poem,0
lever,bracket,0
object,shadow,0
machine,equipment,0
game,week,0
sandwich,trash,0
mirror,acting,0
candle,death,1
stream,narration,1
rock,saddle,0
calculator,computer,0
balloon,muscle,0
task,shopping,0
circle,oval,0
nut,sound,0
dog,case,0
presentation,resume,0
wall,road,0
fish,blockbuster,0
fly,marketing,0
hand,community,0
canvas,wood,0
person,baby,0
eraser,snow,0
bead,perfection,0
stream,cursor,0
baby,universe,0
person,add,0
radio,poet,0
computer,brains,0
sport,walking,0
banana,bed,0
water,hope,0
piece of clothing,model,0
accordion,life,0
cat,person,0
rubberband,shit,0
burger,cricket,0
feather,guy,0
snowflake,christmas,0
key,imagination,1
circle,poem,0
rock,diabetes,0
table,plan,0
thread,narrative,0
child,waiting,0
mouth,focus,0
leaf,mankind,0
rubberband,skin,0
telephone,woman,0
pool,tub,0
screen,difference,0
punch,fuss,0
ingredient,narrative,0
bill,rate,0
car,sky,0
toy,radar,0
garden,nation,0
debate,source,0
wheel,soul,0
block,key,0
hammer,knife,0
oven,plate,0
child,parrot,0
picture,music,0
yoga,life,0
clock,thyroid,0
person,school,0
frame,pattern,0
child,fish,0
pipe,cable,0
thief,doom,0
glass,mercy,1
glove,tag,0
machine,hallelujah,0
guitar,body,0
child,gander,0
thief,life,0
tube,thing,0
baby,controller,0
animal,face,0
baby,life,0
sport,bowling,0
animal,night,0
sword,pen,0
friend,library,0
mirror,phone,0
car,quad,0
switch,prayer,0
word,pattern,0
flower,pussy,0
hat,cap,0
cat,shady,0
floor,cash,0
marble,moon,0
dog,research,0
gift,smoking,0
lightbulb,charm,0
map,preview,0
dog,manifesto,0
pancake,consistency,0
child,game,0
muscle,initiative,0
garden,heart,1
cloth,wire,0
petal,sensibility,0
package,home,0
muscle,laughter,1
weed,boy,0
camera,imagination,1
calculator,blur,0
gas,smell,0
sport,mining,0
eye,iris,0
map,constitution,0
pet,dragon,0
game,practice,0
tool,consciousness,0
window,prayer,0
eye,sabbath,0
rubber band,ass,0
microphone,wire,0
hole,memory,0
vegetable,broccoli,0
thing,government,0
sword,wisdom,0
ant,story,0
lever,gear,0
dog,boyfriend,0
gift,skin,0
mirror,communication,1
hole,loophole,0
muscle,language,0
necklace,husband,0
computer,god,1
bell,note,0
cough,love,1
horse,pride,1
pebble,tour,0
train,moose,0
sword,guitar,0
exercise,exhibition,0
train,science,0
door,beauty,0
medicine,distance,0
label,caption,0
candle,idea,0
bomb,letter,0
path,center,0
putty,paste,0
snack,weed,0
path,mirror,0
spider web,cosmos,1
golf ball,atom,1
window,site,0
coin,anger,0
path,proving,0
glove,self,0
camera,sight,0
ground,shield,0
hand,feeling,0
human,shark,0
bird,orange,0
rope,karma,1
vegetable,son,0
ticket,salvation,0
radio,channel,0
box,prism,0
friend,square,0
lever,time,0
punch,transfer,0
picture,relief,1
cat,man,0
fruit,girl,0
light switch,song,1
chicken,potato,0
scale,soul,1
bomb,suicide,0
plant,brain,0
belt,grouping,0
path,page,0
sheet of paper,saddle,0
pillow,friendship,1
car,yoga,0
bomb,moaning,0
cat,video,0
flask,shape,0
airplane,stock,0
balloon,siege,0
noodle,body,0
painting,post,0
straw,membrane,0
art,window,0
person,machine,0
bomb,clan,0
song,truth,1
friend,night,0
weight,rejection,0
answer,work,0
dog,nurse,0
car,spec,0
sandwich,system,0
painting,film,0
hair,opportunity,0
pancake,article,0
chicken,place,0
grocery list,constitution,0
weight,shit,0
mat,thatch,0
flower,clasp,0
container,script,0
picture,room,0
golf ball,lump,0
song,knowledge,1
poker chip,moon,0
bag,bladder,0
mouse,government,0
seed,heaven,1
lotion,bar,0
painting,drawing,0
horse,canoe,0
spider web,forest,0
friend,river,0
door,relay,0
gem,quality,0
lock,question,0
name,face,0
broom,voice,0
book,history,0
wii,pad,0
friend,holly,0
smoke,love,1
ring,tracker,0
shirt,dress,0
size,boyfriend,0
straw,tongue,0
arm,warmth,1
tube,membrane,0
sheet,noise,0
hand,device,0
light,goal,1
oven,bedroom,0
dish,band,0
child,monk,0
cut,article,0
weed,topic,0
candle,post,0
game,church,0
blanket,dust,0
petal,skin,0
drink,content,0
son,robin,0
canvas,wave,0
shirt,issue,0
friend,hotel,0
pear,body,0
tool,bride,0
bomb,fee,0
pet,hair,0
coin,book,0
car,closet,0
bubble,affair,0
weed,resentment,0
bell,clarity,1
pipe,network,1
mirror,reflector,0
hand,sand,0
rubber band,universe,0
letter,song,0
circle,magazine,0
clock,dog,0
page,map,0
door,window,0
game,assertion,0
apple,sin,0
menu,picture,0
subject,movie,0
sport,gambling,0
muscle,communication,0
friend,boyfriend,0
table,form,0
muscle,fear,1
plug,septum,0
alarm clock,body,0
friend,note,0
dog,thread,0
gift,review,0
ipad,life,0
marble,toy,0
lemon,truck,0
dog,fact,0
phone call,disappointment,0
small gift,card,0
page,snow,0
door,sex,0
stream,money,0
person,mattress,0
text,case,0
seed,peace,1
hand,peace,1
seed,aim,0
snowflake,bowler,0
book,bible,0
punch,chapter,0
ball,fed,0
rope,relationship,0
stamp,wink,0
mirror,flow,0
card,mind,0
container,object,0
magic show,dinner,0
breath,sovereignty,0
rock,depreciation,0
board,panel,0
gem,piece,0
train,logic,0
box,sleeve,0
question,show,0
bubble,week,0
light,happiness,1
banana,shape,0
arm,neuron,0
vegetable,life,0
feather,humanity,0
gem,hotel,0
mirror,failure,0
mirror,platinum,0
person,illustration,0
gift,study,0
computer,game,0
straw,reed,0
glove,voice,0
banana,god,0
laptop,phone,0
baseball,sphere,0
teddy bear,face,0
vision,scene,0
piece of paper,carbohydrate,0
sponge,field,0
guitar,knife,0
mirror,hate,0
flower,abuse,0
dust,case,0
hole,pit,0
hand,rope,0
painting,top,0
canvas,server,0
dough,cat,0
surprise,song,0
bar,loft,0
bible,publication,0
machine,time,0
call,love,1
shirt,friendship,1
orange,truth,0
muscle,compassion,1
name,melody,0
pebble,mantra,1
oven,street,0
lake,campaign,0
mosquito,trend,1
wheel,body,0
friend,toy,0
scale,anime,0
punch,revelation,0
finger,marriage,1
seed,fear,1
friend,sponsor,0
screw,person,0
child,industry,0
hammer,chanting,0
dog,garden,0
light bulb,solution,1
person,plain,0
wall,frontier,1
surprise,bite,0
bunny,christmas,0
fun,music,0
book,interface,0
song,blood,0
shirt,size,0
friend,sister,0
train,country,0
key,wheel,0
map,piece,0
baseball,truth,0
person,depression,0
grape,lung,0
wall,unionism,1
bird,marriage,1
pencil,ram,0
plant,team,0
muscle,fearlessness,1
wall,material,0
lake,ocean,0
car,client,0
train,story,1
hat,hair,0
sponge,state,0
oven,hubby,0
credit card,sperm,0
chalkboard,mind,1
canvas,skin,0
ladder,observance,0
thread,journey,0
sponge,thyroid,0
flag,detainer,0
oven,valley,0
bug,love,1
test,game,0
toy,picture,0
mirror,bible,0
weight,mom,0
box,profession,0
clock,guy,0
photo,work,0
elevator,child,0
thermostat,thyroid,0
car,socialism,0
mirror,radiator,0
baby,replica,0
child,expression,0
radio,circuit,0
light bulb,body,0
book,season,0
machine,deck,0
call,hatred,0
lotion,product,0
building,relationship,0
sword,camera,0
friend,pleasure,0
girlfriend,god,0
light,instruction,0
chip,building,0
rock,mind,1
friend,brand,0
train,society,1
cup,spouse,1
smell,man,0
child,work,0
calculator,cell,0
manual,bible,0
human,rifle,0
toy,matter,0
cut,curse,0
word,ma,0
ball,hip,0
toy,creature,0
vision,dream,1
airplane,sound,0
train,presentation,0
shirt,grief,0
sink,tooth,0
bubble,oxford,0
face,cage,0
light,clearness,1
coin,technology,1
pebble,focus,0
oven,office,0
friend,game,0
rock,glove,0
box,wall,0
container,life,1
gate,defender,0
muscle,positivity,1
gift,empathy,1
banana,fuselage,0
oven,weather,0
door,change,0
bed,hostel,0
straw,time,0
painting,round,0
file,virus,0
key,knowledge,1
sponge,son,0
sport,seduction,1
building,history,1
error,situation,0
shape,thought,0
channel,thread,0
screen,bitterness,1
computer,projector,0
wall,twitter,0
game,conversation,0
salad,subway,0
lotion,texture,0
icon,bass,0
notebook,desk,0
snowflake,property,0
lemon,christianity,0
gem,image,0
key,name,0
bible,thing,0
cord,bond,0
train,momentum,1
extension cord,ultra,1
car,investment,0
fish,amber,0
friend,cat,0
feather,death,0
ball,moon,0
person,visitor,0
mirror,cowl,0
device,phone,0
machine,location,0
hammer,jolt,0
dinner plate,tile,0
person,pretty,0
fish,dress,0
folder,topic,0
accordion,ass,0
note,post,0
weight,boredom,0
rock,result,0
piece of paper,trust,0
ball,cyst,0
dog,fat,0
circle,peace,1
game,stage,0
string,responsibility,1
thing,wisdom,1
leaf,faith,1
candle,relationship,1
rock,polish,0
picture,view,0
oven,grill,0
elevator,pain,1
sandwich,love,1
fish,music,0
wall,darkness,1
nail,hero,1
ball,radar,0
blanket,snow,0
note,article,0
door,sin,0
human,plant,0
thief,stroke,0
bed,loft,0
sandwich,essay,0
child,skin,0
airplane,fan,0
baby,company,0
note,assignment,0
pear,peach,0
page,sheet,0
ticket,certificate,0
punching bag,guy,0
bottle,man,0
path,plan,0
bird,heart,1
ball,chest,0
ladder,video,0
bug,palm,0
hole,downtown,0
hammer,banana,0
weight,solitude,0
rubberband,brain,0
photo,memory,0
folder,container,0
tool,parliament,0
weed,selfishness,0
hand,light,1
lamp,guru,0
animal,body,0
person,ego,0
straw,drain,0
rope,rim,0
egg,chair,0
camera,heart,0
balloon,athlete,0
garden,restaurant,0
thermostat,mind,1
piano,axe,0
bomb,deck,0
plant,trump,0
lover,crack,0
hole,boat,0
thing,racism,0
pet,neon,0
weight,ballast,0
feather,rest,0
thief,burglar,0
package,state,0
basketball,truck,0
scent,corruption,1
bar,house,0
sword,weapon,0
painting,god,0
machine,place,0
screwdriver,cocktail,0
picture,novel,0
tool,chair,0
spider web,memory,0
plant,budget,0
word,sun,0
rock,seed,0
rope,stress,0
coin,politics,0
song,echo,0
rock,husband,0
hand,cursor,0
newspaper,rock,0
camera,computer,0
butterfly,friend,0
baby,story,0
flower,element,0
baby,tweet,0
tag,segment,0
hammer,tool,0
elastic band,sexuality,0
stream,story,1
head,bud,0
note,person,0
friend,home,0
gum,sex,0
friend,winner,0
paintbrush,voice,0
manual,information,0
bubble,reason,0
shirt,name,0
thumb,personality,0
seed,pattern,0
door knob,mom,0
doorknob,guy,0
child,attitude,0
baby,practice,0
tattoo,scarification,0
rubber band,marketing,0
key,trust,0
notebook,book,0
map,view,0
flower,sex,0
friend,chocolate,0
wall,refusal,0
bird,spirituality,0
weed,mold,0
game,club,0
key,forgiveness,0
balloon,bladder,0
toy,hose,0
gem,daughter,0
breath,world,0
sponge,cellulose,0
mirror,blade,0
flag,accent,0
tube,package,0
cat,moon,0
bubble,fantasy,0
rock,boat,0
page,fox,0
thing,voice,0
fish,clown,0
girlfriend,prowler,0
sword,heartbreak,0
canvas,yard,0
plant,mind,0
coin,conversion,1
foot,wife,0
bomb,aspect,0
glove,bag,0
seed,cycle,0
rope,tale,0
train,death,0
child,experience,0
salad,presentation,0
glove,creation,0
cloth,physics,0
animal,guy,0
debate,course,0
mouth,anus,0
sport,music,0
child,brand,0
song,wind,0
cigarette,procrastination,1
accordion,process,0
wall,democracy,0
desk,memory,0
light switch,wiring,0
balloon,object,0
hot chocolate,poem,0
seed,darkness,0
book,chapter,0
note,color,0
fist,head,0
plastic,container,0
candle,shirt,0
art,death,0
bill,music,0
mirror,dial,0
wind,mind,0
thread,racism,0
picture,foyer,0
container,card,0
child,priesthood,0
gift,voice,0
letter,disc,0
building,methodology,0
magic show,love,1
garden,cafe,0
timer,tick,0
wood,vinyl,0
ceiling,sky,0
thief,virus,0
ice,trust,0
person,daughter,0
computer,love,1
fly,camera,0
rope,fear,0
person,martin,0
girlfriend,therapist,0
apple,man,0
rubik's cube,play,0
picture,mesa,0
medicine,alcohol,0
rubber band,work,0
seed,work,0
song,spring,0
weight,thought,0
sponge,project,0
son,martin,0
crystal,intention,0
fly,car,0
door,film,0
egg,law,0
chicken,film,0
friend,director,0
car,program,0
plant,wife,0
tube,cup,0
key,cola,0
seed,bulb,0
book,photograph,0
seed,source,0
mirror,humility,1
song,work,0
lightswitch,love,1
cat,match,0
friend,jealousy,0
hand,wind,0
word,gesture,0
foot,ass,0
orchestra,soccer,0
flashlight,sun,0
ribbon,time,0
broom,elephant,0
bread,batch,0
circle,sphere,0
timer,reserve,0
handkerchief,resolution,0
person,planet,0
sponge,lad,0
picture frame,vase,0
horse,army,0
building,house,0
baby,foot,0
person,church,0
candle,thought,0
muscle,power,0
computer,antic,0
chicken,ego,0
bubble,innocence,0
person,weather,0
box,phone,0
dog,beer,0
pet,bike,0
gift,daughter,0
hose,prayer,0
medicine,supplement,0
sponge,brush,0
fish,technology,0
door,night,1
flower,embryo,0
cat,wait,0
muscle,attitude,0
ribbon,banner,0
horse,computer,0
painting,store,0
light,observation,1
lever,nature,0
powder,rust,0
girlfriend,oil,0
human,duck,0
jack,bird,0
stream,woman,1
box,family,0
elastic band,democracy,0
coat,membrane,0
paddle,forearm,1
bomb,album,0
channel,strut,0
ladder,dance,0
medicine,hug,1
car,fact,0
image,photo,0
pillow,content,0
friend,stern,0
spot,evil,0
fly,truck,0
spiderweb,story,0
fun,study,0
music,dance,0
punch,record,0
orchestra,body,0
hat,padding,0
bomb,tank,0
human,machine,0
apple,fruit,0
person,humming,0
box,skull,0
car,hobby,0
ant,earth,0
path,book,0
dog,kitchen,0
note,work,0
word,name,0
balloon,foot,0
muscle,strength,1
person,pencil,0
pipe,noise,0
song,peace,1
bird,position,0
glass,comfort,0
rock,granny,0
machine,war,1
apple,pussy,0
chair,cooling,0
punch,venom,0
path,culture,0
container,music,0
butterfly,museum,1
table,horse,0
camera,lightning,1
tattoo,jewelry,
balloon,man,0
snack,food,0
call,life,0
dog,leprechaun,0
dog,summer,0
child,life,0
pool,lane,0
page,symbol,0
door,brain,1
song,teaching,0
lemon,sun,0
mouse,roach,0
painting,simulator,0
map,hypnosis,0
notepad,software,0
sandwich,burger,0
computer,copier,0
snowflake,show,0
plant,portfolio,0
cell phone,love,0
paper,form,0
test,college,0
friend,tree,0
rock,crust,0
water,soul,1
light bulb,reading,1
baby,commons,0
toy,boat,0
flower,mouth,1
seed,universe,1
child,people,0
ladder,religion,0
image,skin,0
friend,silence,0
note,movement,0
human,cat,0
oven,station,0
child,rock,0
map,man,0
light bulb,smile,1
sport,archery,0
train,sex,0
water,rain,0
weight,sunday,0
stick,shifter,0
soda can,shit,0
song,breeze,1
cat,history,0
image,story,0
painting,course,0
canvas,background,1
map,separation,0
key,lock,0
car,earth,0
mouth,opening,0
book,frame,0
bomb,barbecue,0
lover,dream,1
animal,coffee,0
glove,machine,0
insect,advertising,0
circle,head,0
ball,unhappiness,0
train,project,0
key,baptism,0
gift,feedback,1
seed,situation,0
thumb,tool,0
dog,idea,0
baby,dream,1
book,cosmos,1
human,memory,0
garden,day,0
balloon,fascism,0
whiteboard,shaft,0
hammer,comment,0
elevator,alcoholism,0
muscle,analogy,0
broom,shape,0
painting,history,0
device,love,0
flag,tail,0
key,fiction,0
light switch,process,0
instrument,blow,0
child,logic,0
pet,lamb,0
ball,dose,0
mirror,wife,0
friend,approach,0
feather,victory,1
computer,intuition,0
pipe,sound,0
friend,honesty,1
key,person,0
car,employee,0
bird,pizza,0
person,belief,0
window,television,1
piece of clothing,car,0
mirror,imagination,1
child,mercury,0
picture,tragedy,0
tool,motivation,0
person,fool,0
thread,trust,0
sheet,cover,1
child,typhus,0
garden,novel,1
friend,gaming,0
sink,shape,0
container,capacity,1
bed,water,1
question,truth,0
song,rosary,1
game,tarot,0
human,watch,0
leg,component,0
sponge,character,0
friend,flow,0
garden,bouquet,0
pencil,peace,0
hole,window,1
plastic,material,0
drink,bowl,0
cigarette,movie,1
wind,destiny,1
circle,stronghold,0
hole,house,0
faucet,practitioner,0
game,pain,0
image,canvas,0
book,senior,1
image,life,0
toy,revelation,0
child,medicine,0
gift,bag,0
key,visa,0
horse,mom,0
spoon,class,0
rock,peter,0
child,sense,0
hole,blackness,1
child,bloke,0
fish,thistle,0
string,enzyme,0
alarm clock,stress,0
lever,cloth,0
belt,equator,0
seed,camp,0
machine,cock,0
map,page,0
coin,word,0
cupboard,church,0
friend,melody,1
balloon,ego,0
bread,texture,0
marker,texture,0
balloon,space,0
golf ball,tongue,0
page,article,0
picture,square,0
task,brain,0
label,brand,0
banana,aloe,0
word,atheist,0
skin,egg,0
punch,green,0
computer,universe,1
cat,piano,0
window,book,1
cellphone,microphone,0
toothbrush,bible,0
tool,porn,0
train,thing,0
coin,view,0
hole,regret,1
animal,consciousness,0
coin,church,0
person,grape,0
mirror,jelly,0
seed,science,1
window,cap,0
flashlight,love,1
dog,noel,0
magic show,wedding,1
material,wine,0
pipe,thing,0
orchestra,word,0
voice,vision,0
hair,tie,0
painting,piece,0
cat,worry,0
button,body,0
ball,luck,0
plastic,screen,0
gift,penalty,0
pet,table,0
ceiling,times,0
punch,writing,0
hammer,status,0
airplane,university,0
list,document,0
thread,feeling,0
tube,jar,0
newspaper,market,0
hammer,clutter,0
machine,conversation,0
punch,shank,0
train,team,0
door,man,0
car,person,0
game,movie,0
wall,law,1
computer,existence,0
pool,dog,0
song,twitter,0
container,site,0
plant,virtue,1
garden,religion,0
music,life,1
flower,area,0
seed,donation,1
car,dishonesty,0
person,show,0
cat,bear,0
fishing line,product,0
car,experience,0
wall,guy,0
pillow,texture,0
coin,finance,1
dog,bunny,0
sponge,pulp,0
clay,youth,0
child,disciple,0
laptop,language,0
horse,anger,1
canvas,sky,1
page,book,0
magic show,world,1
coin,thinking,0
garden,writing,0
pebble,report,0
curtain,night,0
ant,humanity,0
ticket,citizenship,0
wii,game,0
weed,thyme,0
ribbon,hair,0
balloon,sprout,0
spoon,perspective,0
change,day,0
image,peace,0
fist,knowledge,0
clock,album,1
blanket,layer,0
airplane,business,0
flower,shape,0
phone call,book,0
seed,believer,0
bike,love,0
person,agile,0
son,applicant,0
scale,life,0
egg,shape,0
banana,smell,0
balloon,world,0
animal,commons,0
bomb,price,0
punch,song,0
machine,nation,0
rock,meteor,0
car,amp,0
jacket,knowledge,1
car,computer,0
book,god,0
person,bank,0
window,autism,0
mirror,presence,0
book,architecture,0
ticket,message,0
door,tenet,1
building,philosophy,0
machine,timing,0
ladder,top,0
flashlight,religion,1
horse,tango,0
cat,dean,0
gas,software,0
coin,bottle,0
sponge,cement,0
scale,equation,0
curtain,mist,0
flower,sierra,0
car,organism,0
mirror,man,0
flower,lady,1
tv,husband,0
page,agenda,0
picture,part,0
wind-up toy,clown,0
rock,world,0
child,bird,0
list,style,0
basketball,loyalty,0
sponge,motor,0
building,plateau,0
airplane,spaceship,0
lock,situation,0
game,dream,0
plant,patriotism,0
thread,frequency,0
punch,cough,0
pebble,dream,1
window,honeycomb,0
light,audience,1
horse,business,0
friend,hairdresser,0
friend,wind,1
seed,lust,1
mirror,boy,0
pencil,laser,0
stick,personality,0
table,church,0
tube,bag,0
stream,economy,0
melon,face,0
blanket,closed,0
sheet of paper,space,0
window,lecture,0
hose,wire,0
child,argument,0
eye,faith,0
pocket,mat,0
clock,sky,0
animal,truth,0
bug,theme,0
painting,kiss,0
block,squadron,0
blanket,energy,0
face,chair,0
bomb,journey,0
building,discipline,0
car,predator,0
cat,owner,0
person,jack,0
bubble,mind,1
flower,show,1
dog,news,0
scale,government,0
arm,word,0
mirror,indicator,0
faucet,talent,0
thumb,pass,0
friend,alcohol,1
feather,assassin,0
glass,satire,1
stream,knowledge,1
hand,god,0
soup,consistence,0
cigarette,aroma,1
train,subway,0
apple,brooch,0
person,scientist,0
pillow,second,0
canvas,worship,0
butterfly,sign,0
box,shell,1
car,gospel,0
candy,love,0
cat,pussy,0
garden,woman,1
purse,mouth,0
soup,salad,0
seed,friendship,1
thief,islam,0
breath,fashion,0
substance,bitch,0
person,baseball,0
son,chimp,0
oven,woman,0
machine,truth,0
snowflake,time,1
key,lecture,1
gem,queen,1
plate,sea,1
mosquito,troll,0
rock,wood,0
airplane,budget,0
ticket,stock,0
muscle,originality,0
piece of paper,pact,0
butterfly,manager,0
song,flying,0
object,character,0
table,ram,0
debate,dialogue,0
ice pack,river,0
hand,comment,0
pillow,jealousy,0
machine,fund,0
dog,negro,0
train,sentence,0
blanket,bed,0
window,project,0
pet,joker,0
fist,rage,0
rock,cookie,0
balloon,hymen,0
train,student,0
sheet of paper,layer,0
microwave,kid,0
child,self,0
animal,ego,0
balloon,cock,0
window,video,1
cap,round,0
phone,love,0
shirt,leadership,0
garden,ocean,1
punch,slayer,0
nut,guy,0
mouth,martin,0
sponge,person,0
pillow,earth,0
sponge,potato,0
finger,guru,0
pen,house,0
mirror,plating,0
block,problem,0
child,howl,0
pencil,shape,0
poker chip,life,0
stick,prick,0
perfume,power,1
butterfly,air,0
key,shot,0
fly,lie,0
seed,doubt,1
breath,silence,1
sword,capitalism,0
oven,ward,0
tool,tactic,1
feather,truth,0
tool,typeface,0
light switch,system,0
leaf,music,0
arm,second,0
son,hutch,0
human,form,0
text,video,0
extension cord,repeater,0
door,election,0
monitor,conscience,1
fish,post,0
tool,acceptance,0
bed,house,0
glove,money,0
lock,health,0
plate,panel,1
lamp,prayer,1
animal,shape,0
coin,oneness,0
clock,trap,0
egg,mind,0
friend,instinct,0
person,bud,0
pillow,gem,0
word,flash,0
hammer,network,0
friend,marvel,0
bomb,love,0
powder,foundation,0
hole,situation,0
watermelon,big,0
string,novel,0
smell,desperation,0
sword,involvement,0
friend,clutter,0
string,matter,0
mirror,tea,0
chorus,banjo,0
car,place,0
game,attraction,0
button,chin,0
human,case,0
flower,affection,1
machine,relationship,0
baby,relationship,0
sword,hate,1
seed,dream,1
fish,consistency,0
window,time,0
plant,heart,1
sword,immigration,0
punching bag,torso,0
medicine,jealousy,1
mosquito,sin,1
song,rhythm,0
punch,rejection,1
word,answer,0
curtain,snow,1
lake,pond,0
tube,lip,0
exercise,movie,0
picture,nose,0
gum,band,0
book,dance,0
page,canvas,0
punch,script,0
door,blame,0
dog,anger,1
gift,strip,0
box,memory,1
gem,miracle,1
console,emulator,0
list,repertoire,0
car,guy,0
image,bread,0
oven,factory,0
finger,device,0
penny,spike,0
fly,awareness,0
hammer,regression,0
child,waterfall,0
rock,earth,0
bike,scooter,0
friend,publisher,0
label,transition,0
iphone,mind,0
jacket,lipstick,0
object,moment,0
wall,love,0
crumb,comment,0
baby,hotel,0
song,fight,0
weight,amulet,0
punch,note,0
gift,faith,1
page,sunday,0
dog,lust,0
door,web,0
seed,moment,1
song,team,0
flashlight,awareness,1
art,coding,0
vegetable,brain,0
oven,bus,0
mirror,nature,0
gate,permission,0
sponge,stucco,0
bug,life,0
fiber,student,0
lover,friend,0
thief,story,0
thing,faith,0
teddy bear,kitten,0
paintbrush,light,1
weed,regulation,0
gift,heaven,1
mirror,language,0
tattoo,psoriasis,0
ant,greed,1
page,sunrise,0
face,voice,0
frame,staging,0
dart,note,0
seed,song,1
bomb,sentence,0
tool,chapter,0
music,hysterics,0
circle,circuit,0
horse,keyboard,0
weight,guilt,0
spice,creepy,0
ladder,marriage,0
book,guide,0
bomb,earthquake,1
frame,music,0
letter,wake,0
painting,religion,0
cabinet,trinity,0
rope,morality,1
computer,man,0
bed,cleavage,0
gem,mom,0
sheet,adversity,0
instrument,pedal,0
art,poker,0
tube,channel,0
butterfly,freedom,1
machine,result,0
balloon,fear,0
mosquito,startup,0
lake,channel,0
mirror,reality,1
paper towel,woman,0
building,aircraft,0
cover,mindfulness,0
cat,rabbit,0
dog,community,0
penny,bullet,0
magazine,picture,0
bomb,family,0
string,friendship,0
mosquito,mum,0
ladder,humility,1
sponge,instrument,0
balloon,chamber,0
mirror,effect,0
person,player,0
fish,bush,0
credit card,deal,0
shoe,money,0
game,course,0
animal,rage,0
map,test,0
game,fiction,0
dog,atheism,0
train,punch,0
book,edition,0
hanger,house,0
punch,cartoon,0
butterfly,mind,1
art,industry,1
person,willow,1
map,exhibition,0
calculator,logic,1
rock,turkey,0
toy,guy,0
book,interview,0
accordion,gospel,1
ticket,diploma,0
straw,shunt,0
tool,heaven,0
debate,effect,0
medicine,taste,0
rock,phone,0
tv,journal,0
food,blood,0
perfume,optimism,0
machine,power,0
radio,bible,0
trash,web,0
child,bolt,0
pebble,message,0
baby,child,0
bladder,man,0
wall,cement,0
football,astigmatism,0
wall,sheet,0
hose,arm,0
finger,pressure,1
friend,magic,0
wheel,model,0
person,deal,0
mirror,lens,0
gum,love,1
map,network,0
light,door,1
rock,bottom,0
weed,envy,0
child,raven,0
mouse,rowdy,0
friend,sibling,0
child,hemp,0
radio,energy,0
front door,book,1
banana,literature,0
sponge,tent,0
machine,metro,0
window,skin,0
human,coral,0
sport,business,0
grape,mind,0
seed,seminar,0
circle,record,0
mosquito,government,0
bubble,mundane,0
game,knitting,0
purse,phone,0
box,temple,0
bubble,miracle,1
ring,pain,0
pebble,earth,0
child,plant,0
page,contract,0
ball,bottom,0
fish,baby,0
building,type,0
bomb,baby,0
mirror,critic,0
dog,movement,0
friend,narrator,0
spice,pride,0
calculator,conversation,0
rope,string,0
weight,music,0
gate,salvation,1
candle,man,1
seed,exposure,0
call,film,0
child,independence,0
telephone,duplex,0
car,shutter,0
flag,faith,0
bag,rest,0
horse,appearance,0
song,sonnet,1
nail,bible,0
mirror,market,0
switch,sleep,0
mirror,plate,1
penny,world,0
couch,interior,0
pet,mind,0
song,man,0
pet,dimension,0
clock,politics,0
game,trust,0
book,vinyl,0
computer,vehicle,0
animal,nation,0
coin,quality,0
seed,contribution,1
rubber band,novel,0
human,designer,0
car,pizza,0
human,tree,0
punch,memorial,0
dog,principal,0
sword,education,0
bottle,sipper,0
pebble,tragedy,0
bathtub,economy,0
towel,snow,1
butterfly,shy,0
son,shogun,0
bird,people,0
friend,teacher,1
rubber band,faith,0
punch,arrest,0
drink,place,0
credit card,sex,1
counter,setting,0
telephone,warp,0
blanket,smoke,0
person,creation,0
word,cult,0
stream,time,1
flower,horror,0
page,plaid,0
bird,pale,0
computer,house,0
shade,rainbow,0
car,tank,0
sport,war,0
hammer,disappointment,0
wind,news,1
human,organization,0
table,world,0
machine,body,0
tool,eye,0
muscle,focus,0
glass,female,0
shade,dusk,1
thread,truth,0
train,channel,0
tool,blueprint,0
marble,earth,0
wall,wake,0
gem,kindness,0
punch,second,0
plastic,tissue,0
mouse,question,0
flashlight,consciousness,1
guitar,life,1
word,grammar,0
straw,incident,0
sponge,egg,0
rubber band,hazing,0
lamp,personality,1
mirror,clarity,0
mirror,concentration,0
flower,devotion,0
bladder,thing,0
machine,quad,0
rock,book,0
block,slope,0
bag,fit,0
coin,picture,0
seed,voice,0
cord,fuse,0
pancake,crumpet,0
feather,question,0
mirror,poem,0
game,horse,0
oven,mind,0
painting,helmet,0
toothbrush,stick,0
dog,spike,0
child,group,0
window,heart,1
dart,footwork,0
feather,flag,0
leaf,child,0
rock,sponge,0
powder,size,0
test,destiny,0
smell,bloke,0
liquid,god,1
nail,article,0
note,section,0
glove,seat,0
hose,aneurism,0
game,freeway,0
plant,christianity,0
friend,body,0
microwave,oval,0
machine,classifier,0
dog,fitness,0
stick,rest,0
rubber band,hunger,0
fish,city,0
pillow,chicken,0
snowflake,barrel,0
ping pong ball,voice,0
window,faith,1
name,surname,0
answer,conclusion,0
ticket,document,0
mobile phone,time,0
child,brunette,0
person,state,0
son,peer,0
itch,smoking,0
hole,fear,1
rock,grace,0
eye,hate,0
coat,age,0
balloon,economy,1
blanket,democracy,0
child,place,0
wall,pregnancy,0
hole,post,0
punch,album,0
child,bulldog,0
egg,tomato,0
app,clock,0
sponge,memory,1
rubber band,sex,0
bug,education,0
microphone,pick,0
cigarette,tanning,0
hand,nearness,0
butterfly,melody,1
banana,life,0
computer,tablet,0
map,scripture,0
map,poem,0
pencil,love,0
ingredient,detail,0
table,map,0
gem,memory,0
wrist,method,0
cut,scratch,0
child,vintage,0
sponge,mind,1
hammer,existence,0
teddy bear,smile,0
mirror,literature,0
music,sentence,0
sport,school,0
child,timber,0
wet cloth,anger,0
marble,happiness,0
blanket,tomato,0
surprise,person,0
circle,cylinder,0
baby,advocacy,0
